game_id,date,home,vis,time,period,mins,secs,pos,team,event,event_deets,block,steal,home_desc,vis_desc,score,home_score,vis_score
0022000655,2021-03-22,SAS,CHA,0.0,1,12,0,,,period_start,0,False,False,,,0-0,0,0
0022000655,2021-03-22,SAS,CHA,0.0,1,12,0,,SAS,jump_ball,0,False,False,Jump Ball Poeltl vs. Biyombo: Tip to Murray,,0-0,0,0
0022000655,2021-03-22,SAS,CHA,0.3,1,11,42,SAS,SAS,fg3_make,1,False,False,White 3PT Jump Shot (3 PTS) (Murray 1 AST),,3-0,3,0
0022000655,2021-03-22,SAS,CHA,0.72,1,11,17,CHA,CHA,fg_miss,79,False,False,,MISS Biyombo 8' Pullup Jump Shot,3-0,3,0
0022000655,2021-03-22,SAS,CHA,0.75,1,11,15,SAS,SAS,reb,0,False,False,Johnson REBOUND (Off:0 Def:1),,3-0,3,0
0022000655,2021-03-22,SAS,CHA,0.95,1,11,3,SAS,SAS,fg3_miss,1,False,False,MISS White 3PT Jump Shot,,3-0,3,0
0022000655,2021-03-22,SAS,CHA,1.02,1,10,59,CHA,CHA,reb,0,False,False,,Hayward REBOUND (Off:0 Def:1),3-0,3,0
0022000655,2021-03-22,SAS,CHA,1.15,1,10,51,CHA,CHA,fg_miss,47,True,False,,MISS Hayward 16' Turnaround Jump Shot,3-0,3,0
0022000655,2021-03-22,SAS,CHA,1.15,1,10,51,CHA,SAS,block,47,True,False,block,block,3-0,3,0
0022000655,2021-03-22,SAS,CHA,1.2,1,10,48,CHA,CHA,reb,0,False,False,,Graham REBOUND (Off:1 Def:0),3-0,3,0
0022000655,2021-03-22,SAS,CHA,1.3,1,10,42,CHA,CHA,fg_miss,75,True,False,,MISS Rozier 5' Driving Finger Roll Layup,3-0,3,0
0022000655,2021-03-22,SAS,CHA,1.3,1,10,42,CHA,SAS,block,75,True,False,block,block,3-0,3,0
0022000655,2021-03-22,SAS,CHA,1.3,1,10,42,CHA,CHA,reb,0,False,False,,Hornets Rebound,3-0,3,0
0022000655,2021-03-22,SAS,CHA,1.33,1,10,40,CHA,CHA,fg_miss,63,False,False,,MISS Hayward 13' Fadeaway Jumper,3-0,3,0
0022000655,2021-03-22,SAS,CHA,1.38,1,10,37,CHA,CHA,reb,0,False,False,,Biyombo REBOUND (Off:1 Def:0),3-0,3,0
0022000655,2021-03-22,SAS,CHA,1.45,1,10,33,CHA,CHA,fg_make,7,False,False,,Biyombo Dunk (2 PTS),3-2,3,2
0022000655,2021-03-22,SAS,CHA,1.75,1,10,15,SAS,SAS,fg3_miss,1,False,False,MISS Johnson 3PT Jump Shot,,3-2,3,2
0022000655,2021-03-22,SAS,CHA,1.8,1,10,12,CHA,CHA,reb,0,False,False,,Graham REBOUND (Off:1 Def:1),3-2,3,2
0022000655,2021-03-22,SAS,CHA,1.88,1,10,7,CHA,CHA,fg3_miss,1,False,False,,MISS Rozier 25' 3PT Jump Shot,3-2,3,2
0022000655,2021-03-22,SAS,CHA,1.95,1,10,3,SAS,SAS,reb,0,False,False,Murray REBOUND (Off:0 Def:1),,3-2,3,2
0022000655,2021-03-22,SAS,CHA,2.07,1,9,56,SAS,SAS,fg_make,78,False,False,Murray 8' Floating Jump Shot (2 PTS),,5-2,5,2
0022000655,2021-03-22,SAS,CHA,2.32,1,9,41,CHA,CHA,fg_make,5,False,False,,Hayward 3' Layup (2 PTS) (Washington 1 AST),5-4,5,4
0022000655,2021-03-22,SAS,CHA,2.57,1,9,26,SAS,CHA,foul,1,False,False,,Biyombo P.FOUL (P1.T1) (J.Butler),5-4,5,4
0022000655,2021-03-22,SAS,CHA,2.78,1,9,13,SAS,SAS,fg3_miss,79,False,False,MISS DeRozan 3PT Pullup Jump Shot,,5-4,5,4
0022000655,2021-03-22,SAS,CHA,2.82,1,9,11,CHA,CHA,reb,0,False,False,,Hayward REBOUND (Off:0 Def:2),5-4,5,4
0022000655,2021-03-22,SAS,CHA,3.0,1,9,0,CHA,CHA,fg_make,108,False,False,,Washington 2' Cutting Dunk Shot (2 PTS) (Rozier 1 AST),5-6,5,6
0022000655,2021-03-22,SAS,CHA,3.1,1,8,54,SAS,SAS,tov,39,False,False,White Step Out of Bounds Turnover (P1.T1),,5-6,5,6
0022000655,2021-03-22,SAS,CHA,3.43,1,8,34,CHA,CHA,fg_make,78,False,False,,Biyombo 11' Floating Jump Shot (4 PTS) (Hayward 1 AST),5-8,5,8
0022000655,2021-03-22,SAS,CHA,3.7,1,8,18,SAS,SAS,fg_miss,79,False,False,MISS Murray 17' Pullup Jump Shot,,5-8,5,8
0022000655,2021-03-22,SAS,CHA,3.77,1,8,14,SAS,SAS,reb,0,False,False,Poeltl REBOUND (Off:1 Def:0),,5-8,5,8
0022000655,2021-03-22,SAS,CHA,3.77,1,8,14,SAS,SAS,fg_make,97,False,False,Poeltl Tip Layup Shot (2 PTS),,7-8,7,8
0022000655,2021-03-22,SAS,CHA,4.03,1,7,58,CHA,CHA,fg_miss,47,False,False,,MISS Washington 8' Turnaround Jump Shot,7-8,7,8
0022000655,2021-03-22,SAS,CHA,4.07,1,7,56,SAS,SAS,reb,0,False,False,DeRozan REBOUND (Off:0 Def:1),,7-8,7,8
0022000655,2021-03-22,SAS,CHA,4.15,1,7,51,SAS,CHA,foul,2,False,False,,Washington S.FOUL (P1.T2) (J.Butler),7-8,7,8
0022000655,2021-03-22,SAS,CHA,4.15,1,7,51,SAS,SAS,ft_make,11,False,False,DeRozan Free Throw 1 of 2 (1 PTS),,8-8,8,8
0022000655,2021-03-22,SAS,CHA,4.15,1,7,51,SAS,SAS,ft_make,12,False,False,DeRozan Free Throw 2 of 2 (2 PTS),,9-8,9,8
0022000655,2021-03-22,SAS,CHA,4.32,1,7,41,CHA,CHA,fg_miss,5,True,False,,MISS Hayward 12' Layup,9-8,9,8
0022000655,2021-03-22,SAS,CHA,4.32,1,7,41,CHA,SAS,block,5,True,False,block,block,9-8,9,8
0022000655,2021-03-22,SAS,CHA,4.32,1,7,41,CHA,CHA,reb,0,False,False,,Hornets Rebound,9-8,9,8
0022000655,2021-03-22,SAS,CHA,4.37,1,7,38,CHA,CHA,fg_make,7,False,False,,Biyombo 1' Dunk (6 PTS) (Graham 1 AST),9-10,9,10
0022000655,2021-03-22,SAS,CHA,4.68,1,7,19,SAS,SAS,fg3_miss,1,False,False,MISS Murray 25' 3PT Jump Shot,,9-10,9,10
0022000655,2021-03-22,SAS,CHA,4.75,1,7,15,CHA,CHA,reb,0,False,False,,Hayward REBOUND (Off:0 Def:3),9-10,9,10
0022000655,2021-03-22,SAS,CHA,4.8,1,7,12,CHA,CHA,fg_miss,6,True,False,,MISS Hayward 6' Driving Layup,9-10,9,10
0022000655,2021-03-22,SAS,CHA,4.8,1,7,12,CHA,SAS,block,6,True,False,block,block,9-10,9,10
0022000655,2021-03-22,SAS,CHA,4.8,1,7,12,CHA,CHA,reb,0,False,False,,Hornets Rebound,9-10,9,10
0022000655,2021-03-22,SAS,CHA,4.97,1,7,2,CHA,CHA,tov,2,False,True,,Washington Lost Ball Turnover (P1.T1),9-10,9,10
0022000655,2021-03-22,SAS,CHA,4.97,1,7,2,CHA,SAS,steal,2,False,True,steal,steal,9-10,9,10
0022000655,2021-03-22,SAS,CHA,5.22,1,6,47,SAS,SAS,fg3_miss,1,False,False,MISS White 26' 3PT Jump Shot,,9-10,9,10
0022000655,2021-03-22,SAS,CHA,5.25,1,6,45,CHA,CHA,reb,0,False,False,,Hornets Rebound,9-10,9,10
0022000655,2021-03-22,SAS,CHA,5.25,1,6,45,SAS,SAS,timeout,1,False,False,SPURS Timeout: Regular (Full 1 Short 0),,9-10,9,10
0022000655,2021-03-22,SAS,CHA,5.43,1,6,34,CHA,CHA,fg_miss,75,False,False,,MISS Rozier 2' Driving Finger Roll Layup,9-10,9,10
0022000655,2021-03-22,SAS,CHA,5.48,1,6,31,SAS,SAS,reb,0,False,False,Poeltl REBOUND (Off:1 Def:1),,9-10,9,10
0022000655,2021-03-22,SAS,CHA,5.57,1,6,26,SAS,SAS,fg_make,78,False,False,White 9' Floating Jump Shot (5 PTS) (DeRozan 1 AST),,11-10,11,10
0022000655,2021-03-22,SAS,CHA,5.87,1,6,8,CHA,CHA,fg3_make,1,False,False,,Graham 25' 3PT Jump Shot (3 PTS) (Hayward 2 AST),11-13,11,13
0022000655,2021-03-22,SAS,CHA,6.08,1,5,55,CHA,SAS,foul,26,False,False,White Offensive Charge Foul (P1.T1) (C.Blair),,11-13,11,13
0022000655,2021-03-22,SAS,CHA,6.08,1,5,55,SAS,SAS,tov,37,False,False,White Offensive Foul Turnover (P2.T2),,11-13,11,13
0022000655,2021-03-22,SAS,CHA,6.28,1,5,43,CHA,CHA,fg3_miss,1,False,False,,MISS Washington 26' 3PT Jump Shot,11-13,11,13
0022000655,2021-03-22,SAS,CHA,6.35,1,5,39,SAS,SAS,reb,0,False,False,White REBOUND (Off:0 Def:1),,11-13,11,13
0022000655,2021-03-22,SAS,CHA,6.57,1,5,26,SAS,SAS,fg3_make,1,False,False,Mills 3PT Jump Shot (3 PTS) (DeRozan 2 AST),,14-13,14,13
0022000655,2021-03-22,SAS,CHA,6.6,1,5,24,CHA,CHA,timeout,1,False,False,,Hornets Timeout: Regular (Reg.1 Short 0),14-13,14,13
0022000655,2021-03-22,SAS,CHA,6.98,1,5,1,CHA,CHA,fg_miss,80,False,False,,MISS Hayward 6' Step Back Jump Shot,14-13,14,13
0022000655,2021-03-22,SAS,CHA,6.98,1,5,1,CHA,CHA,reb,0,False,False,,Washington REBOUND (Off:1 Def:0),14-13,14,13
0022000655,2021-03-22,SAS,CHA,6.98,1,5,1,CHA,SAS,foul,1,False,False,Johnson P.FOUL (P1.T2) (J.Butler),,14-13,14,13
0022000655,2021-03-22,SAS,CHA,7.12,1,4,53,CHA,CHA,fg_miss,5,True,False,,MISS Washington 3' Layup,14-13,14,13
0022000655,2021-03-22,SAS,CHA,7.12,1,4,53,CHA,SAS,block,5,True,False,block,block,14-13,14,13
0022000655,2021-03-22,SAS,CHA,7.12,1,4,53,SAS,SAS,reb,0,False,False,SPURS Rebound,,14-13,14,13
0022000655,2021-03-22,SAS,CHA,7.13,1,4,52,SAS,SAS,timeout,7,False,False,SPURS Timeout: Coach Challenge (Full 1 Short 0),,14-13,14,13
0022000655,2021-03-22,SAS,CHA,7.15,1,4,51,,SAS,jump_ball,1,False,False,Jump Ball (CC) Poeltl vs. Bridges: Tip to Mills,,14-13,14,13
0022000655,2021-03-22,SAS,CHA,7.4,1,4,36,SAS,SAS,fg_miss,6,False,False,MISS Mills 3' Driving Layup,,14-13,14,13
0022000655,2021-03-22,SAS,CHA,7.42,1,4,35,CHA,CHA,reb,0,False,False,,Washington REBOUND (Off:1 Def:1),14-13,14,13
0022000655,2021-03-22,SAS,CHA,7.75,1,4,15,CHA,CHA,fg3_make,1,False,False,,Hayward 3PT Jump Shot (5 PTS) (Rozier 2 AST),14-16,14,16
0022000655,2021-03-22,SAS,CHA,8.08,1,3,55,SAS,SAS,fg_make,47,False,False,DeRozan 3' Turnaround Jump Shot (4 PTS),,16-16,16,16
0022000655,2021-03-22,SAS,CHA,8.3,1,3,42,CHA,SAS,foul,2,False,False,Walker IV S.FOUL (P1.T3) (J.Butler),,16-16,16,16
0022000655,2021-03-22,SAS,CHA,8.3,1,3,42,CHA,CHA,ft_miss,13,False,False,,MISS Rozier Free Throw 1 of 3,16-16,16,16
0022000655,2021-03-22,SAS,CHA,8.3,1,3,42,CHA,CHA,reb,1,False,False,,Hornets Rebound,16-16,16,16
0022000655,2021-03-22,SAS,CHA,8.3,1,3,42,CHA,CHA,ft_make,14,False,False,,Rozier Free Throw 2 of 3 (1 PTS),16-17,16,17
0022000655,2021-03-22,SAS,CHA,8.3,1,3,42,CHA,CHA,ft_make,15,False,False,,Rozier Free Throw 3 of 3 (2 PTS),16-18,16,18
0022000655,2021-03-22,SAS,CHA,8.45,1,3,33,SAS,SAS,tov,2,False,True,Gay Lost Ball Turnover (P1.T3),,16-18,16,18
0022000655,2021-03-22,SAS,CHA,8.45,1,3,33,SAS,CHA,steal,2,False,True,steal,steal,16-18,16,18
0022000655,2021-03-22,SAS,CHA,8.45,1,3,33,CHA,SAS,foul,9,False,False,Gay C.P.FOUL (P1.T4) (M.Kogut),,16-18,16,18
0022000655,2021-03-22,SAS,CHA,8.45,1,3,33,CHA,CHA,ft_make,25,False,False,,Rozier Free Throw Clear Path 1 of 2 (3 PTS),16-19,16,19
0022000655,2021-03-22,SAS,CHA,8.45,1,3,33,CHA,CHA,ft_make,26,False,False,,Rozier Free Throw Clear Path 2 of 2 (4 PTS),16-20,16,20
0022000655,2021-03-22,SAS,CHA,8.78,1,3,13,CHA,CHA,fg3_miss,1,False,False,,MISS Bridges 3PT Jump Shot,16-20,16,20
0022000655,2021-03-22,SAS,CHA,8.88,1,3,7,SAS,SAS,reb,0,False,False,Mills REBOUND (Off:0 Def:1),,16-20,16,20
0022000655,2021-03-22,SAS,CHA,8.92,1,3,5,SAS,CHA,foul,2,False,False,,Bridges S.FOUL (P1.T3) (M.Kogut),16-20,16,20
0022000655,2021-03-22,SAS,CHA,8.92,1,3,5,SAS,SAS,ft_miss,11,False,False,MISS Eubanks Free Throw 1 of 2,,16-20,16,20
0022000655,2021-03-22,SAS,CHA,8.92,1,3,5,SAS,SAS,reb,1,False,False,SPURS Rebound,,16-20,16,20
0022000655,2021-03-22,SAS,CHA,8.92,1,3,5,SAS,SAS,ft_make,12,False,False,Eubanks Free Throw 2 of 2 (1 PTS),,17-20,17,20
0022000655,2021-03-22,SAS,CHA,9.22,1,2,47,CHA,CHA,fg3_make,1,False,False,,Monk 26' 3PT Jump Shot (3 PTS) (Washington 2 AST),17-23,17,23
0022000655,2021-03-22,SAS,CHA,9.52,1,2,29,SAS,SAS,fg_miss,1,False,False,MISS Gay 10' Jump Shot,,17-23,17,23
0022000655,2021-03-22,SAS,CHA,9.62,1,2,23,CHA,CHA,reb,0,False,False,,Washington REBOUND (Off:1 Def:2),17-23,17,23
0022000655,2021-03-22,SAS,CHA,9.7,1,2,18,CHA,CHA,fg_make,52,False,False,,Hayward 1' Alley Oop Dunk (7 PTS) (Rozier 3 AST),17-25,17,25
0022000655,2021-03-22,SAS,CHA,10.12,1,1,53,SAS,SAS,tov,1,False,True,Eubanks Bad Pass Turnover (P1.T4),,17-25,17,25
0022000655,2021-03-22,SAS,CHA,10.12,1,1,53,SAS,CHA,steal,1,False,True,steal,steal,17-25,17,25
0022000655,2021-03-22,SAS,CHA,10.13,1,1,52,CHA,CHA,fg3_make,1,False,False,,Rozier 26' 3PT Jump Shot (7 PTS) (Monk 1 AST),17-28,17,28
0022000655,2021-03-22,SAS,CHA,10.13,1,1,52,SAS,SAS,timeout,1,False,False,SPURS Timeout: Regular (Full 2 Short 0),,17-28,17,28
0022000655,2021-03-22,SAS,CHA,10.47,1,1,32,SAS,SAS,fg_miss,47,True,False,MISS Murray 13' Turnaround Jump Shot,,17-28,17,28
0022000655,2021-03-22,SAS,CHA,10.47,1,1,32,SAS,CHA,block,47,True,False,block,block,17-28,17,28
0022000655,2021-03-22,SAS,CHA,10.5,1,1,30,SAS,SAS,reb,0,False,False,Gay REBOUND (Off:1 Def:0),,17-28,17,28
0022000655,2021-03-22,SAS,CHA,10.52,1,1,29,SAS,SAS,fg3_miss,1,False,False,MISS Gay 3PT Jump Shot,,17-28,17,28
0022000655,2021-03-22,SAS,CHA,10.55,1,1,27,CHA,CHA,reb,0,False,False,,Hayward REBOUND (Off:0 Def:4),17-28,17,28
0022000655,2021-03-22,SAS,CHA,10.68,1,1,19,CHA,CHA,fg_miss,5,False,False,,MISS Hayward 4' Layup,17-28,17,28
0022000655,2021-03-22,SAS,CHA,10.72,1,1,17,SAS,SAS,reb,0,False,False,Gay REBOUND (Off:1 Def:1),,17-28,17,28
0022000655,2021-03-22,SAS,CHA,10.85,1,1,9,SAS,SAS,fg_make,5,False,False,Walker IV 4' Layup (2 PTS) (Vassell 1 AST),,19-28,19,28
0022000655,2021-03-22,SAS,CHA,11.07,1,0,56,CHA,CHA,tov,1,False,True,,Graham Bad Pass Turnover (P1.T2),19-28,19,28
0022000655,2021-03-22,SAS,CHA,11.07,1,0,56,CHA,SAS,steal,1,False,True,steal,steal,19-28,19,28
0022000655,2021-03-22,SAS,CHA,11.07,1,0,56,SAS,CHA,foul,2,False,False,,Graham S.FOUL (P1.T4) (J.Butler),19-28,19,28
0022000655,2021-03-22,SAS,CHA,11.07,1,0,56,SAS,SAS,ft_make,11,False,False,Vassell Free Throw 1 of 2 (1 PTS),,20-28,20,28
0022000655,2021-03-22,SAS,CHA,11.07,1,0,56,SAS,SAS,ft_make,12,False,False,Vassell Free Throw 2 of 2 (2 PTS),,21-28,21,28
0022000655,2021-03-22,SAS,CHA,11.22,1,0,47,CHA,CHA,tov,45,False,False,,Washington Out of Bounds - Bad Pass Turnover Turnover (P2.T3),21-28,21,28
0022000655,2021-03-22,SAS,CHA,11.47,1,0,32,SAS,SAS,tov,40,False,False,Murray Out of Bounds Lost Ball Turnover (P1.T5),,21-28,21,28
0022000655,2021-03-22,SAS,CHA,11.75,1,0,15,CHA,CHA,fg3_make,1,False,False,,Graham 26' 3PT Jump Shot (6 PTS) (Hayward 3 AST),21-31,21,31
0022000655,2021-03-22,SAS,CHA,11.97,1,0,2,SAS,SAS,tov,4,False,False,Murray Traveling Turnover (P2.T6),,21-31,21,31
0022000655,2021-03-22,SAS,CHA,12.0,1,0,0,CHA,CHA,fg3_miss,1,False,False,,MISS Monk 39' 3PT Jump Shot,21-31,21,31
0022000655,2021-03-22,SAS,CHA,12.0,1,0,0,CHA,CHA,reb,0,False,False,,Hornets Rebound,21-31,21,31
0022000655,2021-03-22,SAS,CHA,12.0,1,0,0,CHA,,period_end,0,False,False,,,21-31,21,31
0022000655,2021-03-22,SAS,CHA,12.0,2,12,0,CHA,,period_start,0,False,False,,,21-31,21,31
0022000655,2021-03-22,SAS,CHA,12.38,2,11,37,CHA,CHA,fg_miss,1,True,False,,MISS Monk 8' Jump Shot,21-31,21,31
0022000655,2021-03-22,SAS,CHA,12.38,2,11,37,CHA,SAS,block,1,True,False,block,block,21-31,21,31
0022000655,2021-03-22,SAS,CHA,12.4,2,11,36,CHA,CHA,reb,0,False,False,,Washington REBOUND (Off:2 Def:2),21-31,21,31
0022000655,2021-03-22,SAS,CHA,12.42,2,11,35,CHA,CHA,fg_miss,5,True,False,,MISS Washington 3' Layup,21-31,21,31
0022000655,2021-03-22,SAS,CHA,12.42,2,11,35,CHA,SAS,block,5,True,False,block,block,21-31,21,31
0022000655,2021-03-22,SAS,CHA,12.53,2,11,28,CHA,CHA,reb,0,False,False,,Hornets Rebound,21-31,21,31
0022000655,2021-03-22,SAS,CHA,12.55,2,11,27,CHA,CHA,tov,11,False,False,,Hornets Turnover: Shot Clock (T#4),21-31,21,31
0022000655,2021-03-22,SAS,CHA,12.7,2,11,18,SAS,SAS,fg_make,3,False,False,Gay 11' Hook Shot (2 PTS),,23-31,23,31
0022000655,2021-03-22,SAS,CHA,12.88,2,11,7,CHA,CHA,fg3_miss,79,False,False,,MISS Graham 26' 3PT Pullup Jump Shot,23-31,23,31
0022000655,2021-03-22,SAS,CHA,13.0,2,11,0,SAS,SAS,reb,0,False,False,Vassell REBOUND (Off:0 Def:1),,23-31,23,31
0022000655,2021-03-22,SAS,CHA,13.07,2,10,56,SAS,SAS,fg_miss,6,False,False,MISS Vassell 5' Driving Layup,,23-31,23,31
0022000655,2021-03-22,SAS,CHA,13.15,2,10,51,CHA,CHA,reb,0,False,False,,Washington REBOUND (Off:2 Def:3),23-31,23,31
0022000655,2021-03-22,SAS,CHA,13.27,2,10,44,CHA,CHA,fg_miss,5,False,False,,MISS Monk 4' Layup,23-31,23,31
0022000655,2021-03-22,SAS,CHA,13.38,2,10,37,CHA,CHA,reb,0,False,False,,Monk REBOUND (Off:1 Def:0),23-31,23,31
0022000655,2021-03-22,SAS,CHA,13.42,2,10,35,CHA,CHA,fg_miss,97,False,False,,MISS Monk 5' Tip Layup Shot,23-31,23,31
0022000655,2021-03-22,SAS,CHA,13.5,2,10,30,SAS,SAS,reb,0,False,False,Murray REBOUND (Off:0 Def:2),,23-31,23,31
0022000655,2021-03-22,SAS,CHA,13.57,2,10,26,SAS,SAS,fg3_miss,1,False,False,MISS Mills 24' 3PT Jump Shot,,23-31,23,31
0022000655,2021-03-22,SAS,CHA,13.65,2,10,21,CHA,CHA,reb,0,False,False,,Bridges REBOUND (Off:0 Def:1),23-31,23,31
0022000655,2021-03-22,SAS,CHA,13.85,2,10,9,CHA,CHA,fg_miss,1,True,False,,MISS Martin 12' Jump Shot,23-31,23,31
0022000655,2021-03-22,SAS,CHA,13.85,2,10,9,CHA,SAS,block,1,True,False,block,block,23-31,23,31
0022000655,2021-03-22,SAS,CHA,13.87,2,10,8,CHA,CHA,reb,0,False,False,,Hornets Rebound,23-31,23,31
0022000655,2021-03-22,SAS,CHA,13.87,2,10,8,CHA,CHA,tov,11,False,False,,Hornets Turnover: Shot Clock (T#5),23-31,23,31
0022000655,2021-03-22,SAS,CHA,14.12,2,9,53,SAS,SAS,fg3_make,1,False,False,White 26' 3PT Jump Shot (8 PTS) (Gay 1 AST),,26-31,26,31
0022000655,2021-03-22,SAS,CHA,14.47,2,9,32,CHA,CHA,fg3_miss,1,False,False,,MISS Monk 3PT Jump Shot,26-31,26,31
0022000655,2021-03-22,SAS,CHA,14.52,2,9,29,SAS,SAS,reb,0,False,False,Mills REBOUND (Off:0 Def:2),,26-31,26,31
0022000655,2021-03-22,SAS,CHA,14.52,2,9,29,SAS,SAS,fg_miss,5,True,False,MISS Murray 6' Layup,,26-31,26,31
0022000655,2021-03-22,SAS,CHA,14.52,2,9,29,SAS,CHA,block,5,True,False,block,block,26-31,26,31
0022000655,2021-03-22,SAS,CHA,14.52,2,9,29,SAS,SAS,reb,0,False,False,SPURS Rebound,,26-31,26,31
0022000655,2021-03-22,SAS,CHA,14.6,2,9,24,SAS,SAS,fg3_miss,1,False,False,MISS Vassell 28' 3PT Jump Shot,,26-31,26,31
0022000655,2021-03-22,SAS,CHA,14.67,2,9,20,CHA,CHA,reb,0,False,False,,Martin REBOUND (Off:0 Def:1),26-31,26,31
0022000655,2021-03-22,SAS,CHA,14.8,2,9,12,CHA,CHA,fg_make,101,False,False,,Monk 7' Driving Floating Jump Shot (5 PTS) (Biyombo 1 AST),26-33,26,33
0022000655,2021-03-22,SAS,CHA,15.1,2,8,54,SAS,SAS,fg_make,79,False,False,Gay 10' Pullup Jump Shot (4 PTS),,28-33,28,33
0022000655,2021-03-22,SAS,CHA,15.1,2,8,54,SAS,CHA,foul,2,False,False,,Biyombo S.FOUL (P2.T1) (J.Butler),28-33,28,33
0022000655,2021-03-22,SAS,CHA,15.1,2,8,54,SAS,SAS,ft_make,10,False,False,Gay Free Throw 1 of 1 (5 PTS),,29-33,29,33
0022000655,2021-03-22,SAS,CHA,15.25,2,8,45,CHA,CHA,tov,10,False,False,,Hornets Turnover: 8 Second Violation (T#6),29-33,29,33
0022000655,2021-03-22,SAS,CHA,15.45,2,8,33,SAS,SAS,fg3_make,1,False,False,Mills 26' 3PT Jump Shot (6 PTS) (Gay 2 AST),,32-33,32,33
0022000655,2021-03-22,SAS,CHA,15.45,2,8,33,CHA,CHA,timeout,1,False,False,,Hornets Timeout: Regular (Reg.2 Short 0),32-33,32,33
0022000655,2021-03-22,SAS,CHA,15.77,2,8,14,CHA,CHA,fg3_miss,1,False,False,,MISS Rozier 3PT Jump Shot,32-33,32,33
0022000655,2021-03-22,SAS,CHA,15.8,2,8,12,CHA,CHA,reb,0,False,False,,Martin REBOUND (Off:1 Def:1),32-33,32,33
0022000655,2021-03-22,SAS,CHA,15.92,2,8,5,CHA,CHA,fg3_miss,1,False,False,,MISS Washington 26' 3PT Jump Shot,32-33,32,33
0022000655,2021-03-22,SAS,CHA,15.98,2,8,1,SAS,SAS,reb,0,False,False,Murray REBOUND (Off:0 Def:3),,32-33,32,33
0022000655,2021-03-22,SAS,CHA,16.22,2,7,47,SAS,SAS,fg3_miss,1,False,False,MISS Mills 27' 3PT Jump Shot,,32-33,32,33
0022000655,2021-03-22,SAS,CHA,16.27,2,7,44,CHA,CHA,reb,0,False,False,,Biyombo REBOUND (Off:1 Def:1),32-33,32,33
0022000655,2021-03-22,SAS,CHA,16.53,2,7,28,CHA,CHA,fg3_make,1,False,False,,Martin 24' 3PT Jump Shot (3 PTS) (Monk 2 AST),32-36,32,36
0022000655,2021-03-22,SAS,CHA,16.9,2,7,6,SAS,SAS,fg_make,75,False,False,Murray 2' Driving Finger Roll Layup (4 PTS),,34-36,34,36
0022000655,2021-03-22,SAS,CHA,17.22,2,6,47,CHA,CHA,tov,2,False,True,,Monk Lost Ball Turnover (P1.T7),34-36,34,36
0022000655,2021-03-22,SAS,CHA,17.22,2,6,47,CHA,SAS,steal,2,False,True,steal,steal,34-36,34,36
0022000655,2021-03-22,SAS,CHA,17.32,2,6,41,SAS,SAS,fg3_miss,1,False,False,MISS White 27' 3PT Jump Shot,,34-36,34,36
0022000655,2021-03-22,SAS,CHA,17.35,2,6,39,CHA,CHA,reb,0,False,False,,Biyombo REBOUND (Off:1 Def:2),34-36,34,36
0022000655,2021-03-22,SAS,CHA,17.67,2,6,20,CHA,CHA,fg_miss,78,False,False,,MISS Rozier 6' Floating Jump Shot,34-36,34,36
0022000655,2021-03-22,SAS,CHA,17.67,2,6,20,CHA,CHA,reb,0,False,False,,Biyombo REBOUND (Off:2 Def:2),34-36,34,36
0022000655,2021-03-22,SAS,CHA,17.73,2,6,16,CHA,CHA,fg_make,97,False,False,,Biyombo Tip Layup Shot (8 PTS),34-38,34,38
0022000655,2021-03-22,SAS,CHA,18.0,2,6,0,SAS,SAS,fg_miss,6,True,False,MISS Johnson 7' Driving Layup,,34-38,34,38
0022000655,2021-03-22,SAS,CHA,18.0,2,6,0,SAS,CHA,block,6,True,False,block,block,34-38,34,38
0022000655,2021-03-22,SAS,CHA,18.0,2,6,0,SAS,SAS,reb,0,False,False,SPURS Rebound,,34-38,34,38
0022000655,2021-03-22,SAS,CHA,18.1,2,5,54,SAS,SAS,fg3_miss,1,False,False,MISS Walker IV 27' 3PT Jump Shot,,34-38,34,38
0022000655,2021-03-22,SAS,CHA,18.18,2,5,49,CHA,CHA,reb,0,False,False,,Washington REBOUND (Off:2 Def:4),34-38,34,38
0022000655,2021-03-22,SAS,CHA,18.47,2,5,32,CHA,CHA,fg3_make,1,False,False,,Washington 25' 3PT Jump Shot (5 PTS) (Rozier 4 AST),34-41,34,41
0022000655,2021-03-22,SAS,CHA,18.48,2,5,31,SAS,SAS,timeout,1,False,False,SPURS Timeout: Regular (Full 3 Short 0),,34-41,34,41
0022000655,2021-03-22,SAS,CHA,18.72,2,5,17,SAS,CHA,foul,2,False,False,,Hayward S.FOUL (P1.T2) (M.Kogut),34-41,34,41
0022000655,2021-03-22,SAS,CHA,18.72,2,5,17,SAS,SAS,ft_miss,11,False,False,MISS Walker IV Free Throw 1 of 2,,34-41,34,41
0022000655,2021-03-22,SAS,CHA,18.72,2,5,17,SAS,SAS,reb,1,False,False,SPURS Rebound,,34-41,34,41
0022000655,2021-03-22,SAS,CHA,18.72,2,5,17,SAS,SAS,ft_make,12,False,False,Walker IV Free Throw 2 of 2 (3 PTS),,35-41,35,41
0022000655,2021-03-22,SAS,CHA,18.95,2,5,3,CHA,CHA,fg_make,108,False,False,,Hayward 1' Cutting Dunk Shot (9 PTS) (Washington 3 AST),35-43,35,43
0022000655,2021-03-22,SAS,CHA,19.32,2,4,41,SAS,SAS,fg_miss,79,False,False,MISS Walker IV 16' Pullup Jump Shot,,35-43,35,43
0022000655,2021-03-22,SAS,CHA,19.38,2,4,37,CHA,CHA,reb,0,False,False,,Washington REBOUND (Off:2 Def:5),35-43,35,43
0022000655,2021-03-22,SAS,CHA,19.48,2,4,31,CHA,SAS,foul,2,False,False,Walker IV S.FOUL (P2.T1) (M.Kogut),,35-43,35,43
0022000655,2021-03-22,SAS,CHA,19.48,2,4,31,CHA,CHA,ft_make,11,False,False,,Washington Free Throw 1 of 2 (6 PTS),35-44,35,44
0022000655,2021-03-22,SAS,CHA,19.48,2,4,31,CHA,CHA,ft_miss,12,False,False,,MISS Washington Free Throw 2 of 2,35-44,35,44
0022000655,2021-03-22,SAS,CHA,19.55,2,4,27,SAS,SAS,reb,0,False,False,Johnson REBOUND (Off:0 Def:2),,35-44,35,44
0022000655,2021-03-22,SAS,CHA,19.87,2,4,8,SAS,SAS,fg_make,75,False,False,Johnson 3' Driving Finger Roll Layup (2 PTS),,37-44,37,44
0022000655,2021-03-22,SAS,CHA,20.05,2,3,57,SAS,CHA,foul,4,False,False,,Hayward OFF.Foul (P2) (C.Blair),37-44,37,44
0022000655,2021-03-22,SAS,CHA,20.05,2,3,57,CHA,CHA,tov,37,False,False,,Hayward Offensive Foul Turnover (P1.T8),37-44,37,44
0022000655,2021-03-22,SAS,CHA,20.33,2,3,40,SAS,SAS,fg3_miss,1,False,False,MISS DeRozan 27' 3PT Jump Shot,,37-44,37,44
0022000655,2021-03-22,SAS,CHA,20.37,2,3,38,CHA,CHA,reb,0,False,False,,Hayward REBOUND (Off:0 Def:5),37-44,37,44
0022000655,2021-03-22,SAS,CHA,20.37,2,3,38,CHA,CHA,tov,1,False,True,,Hayward Bad Pass Turnover (P2.T9),37-44,37,44
0022000655,2021-03-22,SAS,CHA,20.37,2,3,38,CHA,SAS,steal,1,False,True,steal,steal,37-44,37,44
0022000655,2021-03-22,SAS,CHA,20.5,2,3,30,SAS,SAS,tov,1,False,True,White Bad Pass Turnover (P3.T7),,37-44,37,44
0022000655,2021-03-22,SAS,CHA,20.5,2,3,30,SAS,CHA,steal,1,False,True,steal,steal,37-44,37,44
0022000655,2021-03-22,SAS,CHA,20.53,2,3,28,CHA,CHA,fg3_make,1,False,False,,Graham 3PT Jump Shot (9 PTS) (Washington 4 AST),37-47,37,47
0022000655,2021-03-22,SAS,CHA,20.85,2,3,9,SAS,SAS,fg_miss,5,False,False,MISS Johnson 7' Layup,,37-47,37,47
0022000655,2021-03-22,SAS,CHA,20.85,2,3,9,SAS,SAS,reb,0,False,False,Poeltl REBOUND (Off:2 Def:1),,37-47,37,47
0022000655,2021-03-22,SAS,CHA,20.93,2,3,4,SAS,SAS,fg_make,97,False,False,Poeltl Tip Layup Shot (4 PTS),,39-47,39,47
0022000655,2021-03-22,SAS,CHA,21.23,2,2,46,CHA,CHA,fg_make,1,False,False,,Washington 21' Jump Shot (8 PTS) (Rozier 5 AST),39-49,39,49
0022000655,2021-03-22,SAS,CHA,21.57,2,2,26,SAS,SAS,fg_make,102,False,False,DeRozan 10' Driving Floating Bank Jump Shot (6 PTS) (Poeltl 1 AST),,41-49,41,49
0022000655,2021-03-22,SAS,CHA,21.82,2,2,11,CHA,SAS,foul,1,False,False,Walker IV P.FOUL (P3.T2) (J.Butler),,41-49,41,49
0022000655,2021-03-22,SAS,CHA,21.95,2,2,3,CHA,CHA,fg_make,79,False,False,,Hayward 14' Pullup Jump Shot (11 PTS) (Graham 2 AST),41-51,41,51
0022000655,2021-03-22,SAS,CHA,22.13,2,1,52,SAS,SAS,fg3_miss,1,False,False,MISS Johnson 27' 3PT Jump Shot,,41-51,41,51
0022000655,2021-03-22,SAS,CHA,22.18,2,1,49,CHA,CHA,reb,0,False,False,,Rozier REBOUND (Off:0 Def:1),41-51,41,51
0022000655,2021-03-22,SAS,CHA,22.27,2,1,44,CHA,CHA,fg_miss,76,True,False,,MISS Rozier 3' Running Finger Roll Layup,41-51,41,51
0022000655,2021-03-22,SAS,CHA,22.27,2,1,44,CHA,SAS,block,76,True,False,block,block,41-51,41,51
0022000655,2021-03-22,SAS,CHA,22.3,2,1,42,SAS,SAS,reb,0,False,False,Murray REBOUND (Off:0 Def:4),,41-51,41,51
0022000655,2021-03-22,SAS,CHA,22.3,2,1,42,SAS,CHA,foul,28,False,False,,Graham Personal Take Foul (P2.T3) (M.Kogut),41-51,41,51
0022000655,2021-03-22,SAS,CHA,22.45,2,1,33,SAS,SAS,fg_miss,66,False,False,MISS Poeltl 10' Jump Bank Shot,,41-51,41,51
0022000655,2021-03-22,SAS,CHA,22.48,2,1,31,CHA,CHA,reb,0,False,False,,Hayward REBOUND (Off:0 Def:6),41-51,41,51
0022000655,2021-03-22,SAS,CHA,22.65,2,1,21,CHA,CHA,fg_make,79,False,False,,Hayward 17' Pullup Jump Shot (13 PTS) (Washington 5 AST),41-53,41,53
0022000655,2021-03-22,SAS,CHA,22.97,2,1,2,SAS,SAS,fg_make,75,False,False,Johnson 3' Driving Finger Roll Layup (4 PTS) (Mills 1 AST),,43-53,43,53
0022000655,2021-03-22,SAS,CHA,23.2,2,0,48,CHA,CHA,fg3_miss,1,False,False,,MISS Graham 26' 3PT Jump Shot,43-53,43,53
0022000655,2021-03-22,SAS,CHA,23.25,2,0,45,SAS,SAS,reb,0,False,False,Johnson REBOUND (Off:0 Def:3),,43-53,43,53
0022000655,2021-03-22,SAS,CHA,23.4,2,0,36,SAS,CHA,foul,2,False,False,,Bridges S.FOUL (P2.PN) (C.Blair),43-53,43,53
0022000655,2021-03-22,SAS,CHA,23.4,2,0,36,SAS,SAS,ft_make,11,False,False,DeRozan Free Throw 1 of 2 (7 PTS),,44-53,44,53
0022000655,2021-03-22,SAS,CHA,23.4,2,0,36,SAS,SAS,ft_make,12,False,False,DeRozan Free Throw 2 of 2 (8 PTS),,45-53,45,53
0022000655,2021-03-22,SAS,CHA,23.73,2,0,16,CHA,SAS,foul,1,False,False,DeRozan P.FOUL (P1.T3) (C.Blair),,45-53,45,53
0022000655,2021-03-22,SAS,CHA,23.9,2,0,6,CHA,CHA,fg_make,108,False,False,,Washington 4' Cutting Dunk Shot (10 PTS) (Hayward 4 AST),45-55,45,55
0022000655,2021-03-22,SAS,CHA,24.0,2,0,0,SAS,SAS,fg_miss,7,True,False,MISS Johnson 5' Dunk,,45-55,45,55
0022000655,2021-03-22,SAS,CHA,24.0,2,0,0,SAS,CHA,block,7,True,False,block,block,45-55,45,55
0022000655,2021-03-22,SAS,CHA,24.0,2,0,0,SAS,SAS,reb,0,False,False,SPURS Rebound,,45-55,45,55
0022000655,2021-03-22,SAS,CHA,24.0,2,0,0,SAS,,period_end,0,False,False,,,45-55,45,55
0022000655,2021-03-22,SAS,CHA,24.0,3,12,0,SAS,,period_start,0,False,False,,,45-55,45,55
0022000655,2021-03-22,SAS,CHA,24.4,3,11,36,CHA,CHA,fg3_miss,1,False,False,,MISS Washington 27' 3PT Jump Shot,45-55,45,55
0022000655,2021-03-22,SAS,CHA,24.48,3,11,31,SAS,SAS,reb,0,False,False,Murray REBOUND (Off:0 Def:5),,45-55,45,55
0022000655,2021-03-22,SAS,CHA,24.78,3,11,13,SAS,SAS,fg_miss,79,False,False,MISS Murray 15' Pullup Jump Shot,,45-55,45,55
0022000655,2021-03-22,SAS,CHA,24.83,3,11,10,CHA,CHA,reb,0,False,False,,Washington REBOUND (Off:2 Def:6),45-55,45,55
0022000655,2021-03-22,SAS,CHA,24.88,3,11,7,CHA,SAS,foul,2,False,False,DeRozan S.FOUL (P2.T1) (M.Kogut),,45-55,45,55
0022000655,2021-03-22,SAS,CHA,24.88,3,11,7,CHA,CHA,ft_make,11,False,False,,Biyombo Free Throw 1 of 2 (9 PTS),45-56,45,56
0022000655,2021-03-22,SAS,CHA,24.88,3,11,7,CHA,CHA,ft_make,12,False,False,,Biyombo Free Throw 2 of 2 (10 PTS),45-57,45,57
0022000655,2021-03-22,SAS,CHA,25.25,3,10,45,SAS,SAS,fg_miss,101,False,False,MISS Johnson 5' Driving Floating Jump Shot,,45-57,45,57
0022000655,2021-03-22,SAS,CHA,25.3,3,10,42,SAS,SAS,reb,0,False,False,Poeltl REBOUND (Off:3 Def:1),,45-57,45,57
0022000655,2021-03-22,SAS,CHA,25.33,3,10,40,SAS,SAS,fg3_make,1,False,False,White 26' 3PT Jump Shot (11 PTS) (Murray 2 AST),,48-57,48,57
0022000655,2021-03-22,SAS,CHA,25.62,3,10,23,CHA,CHA,fg_miss,3,False,False,,MISS Washington 8' Hook Shot,48-57,48,57
0022000655,2021-03-22,SAS,CHA,25.65,3,10,21,SAS,SAS,reb,0,False,False,Poeltl REBOUND (Off:3 Def:2),,48-57,48,57
0022000655,2021-03-22,SAS,CHA,25.78,3,10,13,SAS,SAS,fg3_miss,1,False,False,MISS Johnson 3PT Jump Shot,,48-57,48,57
0022000655,2021-03-22,SAS,CHA,25.85,3,10,9,SAS,SAS,reb,0,False,False,Poeltl REBOUND (Off:4 Def:2),,48-57,48,57
0022000655,2021-03-22,SAS,CHA,26.0,3,10,0,SAS,SAS,fg3_make,1,False,False,Johnson 26' 3PT Jump Shot (7 PTS) (White 1 AST),,51-57,51,57
0022000655,2021-03-22,SAS,CHA,26.3,3,9,42,CHA,CHA,tov,4,False,False,,Washington Traveling Turnover (P3.T10),51-57,51,57
0022000655,2021-03-22,SAS,CHA,26.6,3,9,24,SAS,SAS,fg3_miss,1,False,False,MISS Murray 25' 3PT Jump Shot,,51-57,51,57
0022000655,2021-03-22,SAS,CHA,26.67,3,9,20,CHA,CHA,reb,0,False,False,,Biyombo REBOUND (Off:2 Def:3),51-57,51,57
0022000655,2021-03-22,SAS,CHA,26.85,3,9,9,CHA,CHA,fg3_miss,1,False,False,,MISS Rozier 24' 3PT Jump Shot,51-57,51,57
0022000655,2021-03-22,SAS,CHA,26.9,3,9,6,SAS,SAS,reb,0,False,False,Murray REBOUND (Off:0 Def:6),,51-57,51,57
0022000655,2021-03-22,SAS,CHA,27.02,3,8,59,SAS,SAS,fg_make,47,False,False,DeRozan 10' Turnaround Jump Shot (10 PTS),,53-57,53,57
0022000655,2021-03-22,SAS,CHA,27.23,3,8,46,CHA,SAS,foul,2,False,False,DeRozan S.FOUL (P3.T2) (C.Blair),,53-57,53,57
0022000655,2021-03-22,SAS,CHA,27.23,3,8,46,CHA,CHA,ft_make,11,False,False,,Hayward Free Throw 1 of 2 (14 PTS),53-58,53,58
0022000655,2021-03-22,SAS,CHA,27.23,3,8,46,CHA,CHA,ft_make,12,False,False,,Hayward Free Throw 2 of 2 (15 PTS),53-59,53,59
0022000655,2021-03-22,SAS,CHA,27.48,3,8,31,SAS,SAS,fg_miss,9,True,False,MISS Poeltl 4' Driving Dunk,,53-59,53,59
0022000655,2021-03-22,SAS,CHA,27.48,3,8,31,SAS,CHA,block,9,True,False,block,block,53-59,53,59
0022000655,2021-03-22,SAS,CHA,27.55,3,8,27,CHA,CHA,reb,0,False,False,,Washington REBOUND (Off:2 Def:7),53-59,53,59
0022000655,2021-03-22,SAS,CHA,27.7,3,8,18,CHA,CHA,fg_make,75,False,False,,Rozier 4' Driving Finger Roll Layup (9 PTS),53-61,53,61
0022000655,2021-03-22,SAS,CHA,27.7,3,8,18,CHA,SAS,foul,2,False,False,Poeltl S.FOUL (P1.T3) (M.Kogut),,53-61,53,61
0022000655,2021-03-22,SAS,CHA,27.7,3,8,18,CHA,CHA,ft_make,10,False,False,,Rozier Free Throw 1 of 1 (10 PTS),53-62,53,62
0022000655,2021-03-22,SAS,CHA,27.97,3,8,2,SAS,SAS,tov,40,False,False,Johnson Out of Bounds Lost Ball Turnover (P1.T8),,53-62,53,62
0022000655,2021-03-22,SAS,CHA,28.27,3,7,44,CHA,CHA,tov,4,False,False,,Washington Traveling Turnover (P4.T11),53-62,53,62
0022000655,2021-03-22,SAS,CHA,28.58,3,7,25,SAS,SAS,fg3_miss,1,False,False,MISS White 25' 3PT Jump Shot,,53-62,53,62
0022000655,2021-03-22,SAS,CHA,28.65,3,7,21,CHA,CHA,reb,0,False,False,,Hayward REBOUND (Off:0 Def:7),53-62,53,62
0022000655,2021-03-22,SAS,CHA,28.83,3,7,10,CHA,CHA,fg_miss,63,False,False,,MISS Hayward 9' Fadeaway Jumper,53-62,53,62
0022000655,2021-03-22,SAS,CHA,28.88,3,7,7,SAS,SAS,reb,0,False,False,Murray REBOUND (Off:0 Def:7),,53-62,53,62
0022000655,2021-03-22,SAS,CHA,28.93,3,7,4,SAS,SAS,fg_make,79,False,False,Murray 13' Pullup Jump Shot (6 PTS),,55-62,55,62
0022000655,2021-03-22,SAS,CHA,29.22,3,6,47,CHA,CHA,fg3_miss,79,False,False,,MISS Hayward 26' 3PT Pullup Jump Shot,55-62,55,62
0022000655,2021-03-22,SAS,CHA,29.27,3,6,44,SAS,SAS,reb,0,False,False,Poeltl REBOUND (Off:4 Def:3),,55-62,55,62
0022000655,2021-03-22,SAS,CHA,29.67,3,6,20,SAS,SAS,fg3_miss,1,False,False,MISS Murray 26' 3PT Jump Shot,,55-62,55,62
0022000655,2021-03-22,SAS,CHA,29.72,3,6,17,CHA,CHA,reb,0,False,False,,Rozier REBOUND (Off:0 Def:2),55-62,55,62
0022000655,2021-03-22,SAS,CHA,29.9,3,6,6,CHA,CHA,timeout,1,False,False,,Hornets Timeout: Regular (Reg.3 Short 0),55-62,55,62
0022000655,2021-03-22,SAS,CHA,30.0,3,6,0,CHA,CHA,fg3_miss,1,False,False,,MISS Rozier 27' 3PT Jump Shot,55-62,55,62
0022000655,2021-03-22,SAS,CHA,30.07,3,5,56,SAS,SAS,reb,0,False,False,Poeltl REBOUND (Off:4 Def:4),,55-62,55,62
0022000655,2021-03-22,SAS,CHA,30.28,3,5,43,SAS,SAS,fg_miss,47,False,False,MISS Johnson 6' Turnaround Jump Shot,,55-62,55,62
0022000655,2021-03-22,SAS,CHA,30.33,3,5,40,CHA,CHA,reb,0,False,False,,Washington REBOUND (Off:2 Def:8),55-62,55,62
0022000655,2021-03-22,SAS,CHA,30.48,3,5,31,CHA,SAS,foul,1,False,False,White P.FOUL (P2.T4) (J.Butler),,55-62,55,62
0022000655,2021-03-22,SAS,CHA,30.75,3,5,15,CHA,CHA,fg3_miss,1,False,False,,MISS Washington 3PT Jump Shot,55-62,55,62
0022000655,2021-03-22,SAS,CHA,30.8,3,5,12,SAS,SAS,reb,0,False,False,Poeltl REBOUND (Off:4 Def:5),,55-62,55,62
0022000655,2021-03-22,SAS,CHA,30.85,3,5,9,SAS,CHA,foul,1,False,False,,Rozier P.FOUL (P1.T1) (M.Kogut),55-62,55,62
0022000655,2021-03-22,SAS,CHA,31.05,3,4,57,SAS,SAS,fg_make,66,False,False,DeRozan 5' Jump Bank Shot (12 PTS),,57-62,57,62
0022000655,2021-03-22,SAS,CHA,31.27,3,4,44,CHA,CHA,fg3_miss,1,False,False,,MISS Monk 25' 3PT Jump Shot,57-62,57,62
0022000655,2021-03-22,SAS,CHA,31.3,3,4,42,SAS,SAS,reb,0,False,False,Poeltl REBOUND (Off:4 Def:6),,57-62,57,62
0022000655,2021-03-22,SAS,CHA,31.42,3,4,35,CHA,SAS,foul,4,False,False,Poeltl OFF.Foul (P2) (M.Kogut),,57-62,57,62
0022000655,2021-03-22,SAS,CHA,31.42,3,4,35,SAS,SAS,tov,37,False,False,Poeltl Offensive Foul Turnover (P1.T9),,57-62,57,62
0022000655,2021-03-22,SAS,CHA,31.77,3,4,14,CHA,CHA,fg_miss,101,False,False,,MISS Washington 10' Driving Floating Jump Shot,57-62,57,62
0022000655,2021-03-22,SAS,CHA,31.8,3,4,12,SAS,SAS,reb,0,False,False,Vassell REBOUND (Off:0 Def:2),,57-62,57,62
0022000655,2021-03-22,SAS,CHA,31.93,3,4,4,SAS,CHA,foul,1,False,False,,Bridges P.FOUL (P3.T2) (J.Butler),57-62,57,62
0022000655,2021-03-22,SAS,CHA,32.05,3,3,57,SAS,SAS,fg3_make,1,False,False,Gay 25' 3PT Jump Shot (8 PTS) (DeRozan 3 AST),,60-62,60,62
0022000655,2021-03-22,SAS,CHA,32.33,3,3,40,CHA,CHA,fg3_make,1,False,False,,Hayward 27' 3PT Jump Shot (18 PTS) (Bridges 1 AST),60-65,60,65
0022000655,2021-03-22,SAS,CHA,32.65,3,3,21,SAS,SAS,fg_make,79,False,False,DeRozan 10' Pullup Jump Shot (14 PTS),,62-65,62,65
0022000655,2021-03-22,SAS,CHA,32.95,3,3,3,CHA,SAS,foul,2,False,False,Vassell S.FOUL (P1.PN) (M.Kogut),,62-65,62,65
0022000655,2021-03-22,SAS,CHA,32.95,3,3,3,CHA,CHA,ft_make,11,False,False,,Hayward Free Throw 1 of 2 (19 PTS),62-66,62,66
0022000655,2021-03-22,SAS,CHA,32.95,3,3,3,SAS,SAS,timeout,1,False,False,SPURS Timeout: Regular (Full 4 Short 0),,62-66,62,66
0022000655,2021-03-22,SAS,CHA,32.95,3,3,3,SAS,CHA,ft_make,12,False,False,,Hayward Free Throw 2 of 2 (20 PTS),62-67,62,67
0022000655,2021-03-22,SAS,CHA,33.23,3,2,46,SAS,SAS,fg3_make,1,False,False,Mills 3PT Jump Shot (9 PTS) (DeRozan 4 AST),,65-67,65,67
0022000655,2021-03-22,SAS,CHA,33.63,3,2,22,CHA,CHA,fg3_make,1,False,False,,Hayward 24' 3PT Jump Shot (23 PTS) (Monk 3 AST),65-70,65,70
0022000655,2021-03-22,SAS,CHA,34.07,3,1,56,SAS,SAS,fg_make,47,False,False,DeRozan 14' Turnaround Jump Shot (16 PTS),,67-70,67,70
0022000655,2021-03-22,SAS,CHA,34.27,3,1,44,CHA,CHA,fg3_miss,1,False,False,,MISS Washington 26' 3PT Jump Shot,67-70,67,70
0022000655,2021-03-22,SAS,CHA,34.32,3,1,41,SAS,SAS,reb,0,False,False,Vassell REBOUND (Off:0 Def:3),,67-70,67,70
0022000655,2021-03-22,SAS,CHA,34.5,3,1,30,SAS,SAS,fg_miss,102,True,False,MISS DeRozan 8' Driving Floating Bank Jump Shot,,67-70,67,70
0022000655,2021-03-22,SAS,CHA,34.5,3,1,30,SAS,CHA,block,102,True,False,block,block,67-70,67,70
0022000655,2021-03-22,SAS,CHA,34.55,3,1,27,CHA,CHA,reb,0,False,False,,Bridges REBOUND (Off:0 Def:2),67-70,67,70
0022000655,2021-03-22,SAS,CHA,34.7,3,1,18,CHA,CHA,fg_make,75,False,False,,Monk 2' Driving Finger Roll Layup (7 PTS) (Graham 3 AST),67-72,67,72
0022000655,2021-03-22,SAS,CHA,35.0,3,1,0,SAS,SAS,fg_miss,47,False,False,MISS Gay 12' Turnaround Jump Shot,,67-72,67,72
0022000655,2021-03-22,SAS,CHA,35.03,3,0,58,CHA,CHA,reb,0,False,False,,Bridges REBOUND (Off:0 Def:3),67-72,67,72
0022000655,2021-03-22,SAS,CHA,35.17,3,0,50,CHA,CHA,fg3_miss,1,False,False,,MISS Monk 26' 3PT Jump Shot,67-72,67,72
0022000655,2021-03-22,SAS,CHA,35.22,3,0,47,SAS,SAS,reb,0,False,False,Vassell REBOUND (Off:0 Def:4),,67-72,67,72
0022000655,2021-03-22,SAS,CHA,35.35,3,0,39,CHA,CHA,timeout,7,False,False,,Hornets Timeout: Coach Challenge (Reg.3 Short 0),67-72,67,72
0022000655,2021-03-22,SAS,CHA,35.35,3,0,39,SAS,SAS,fg_miss,5,True,False,MISS DeRozan 1' Layup,,67-72,67,72
0022000655,2021-03-22,SAS,CHA,35.35,3,0,39,SAS,CHA,block,5,True,False,block,block,67-72,67,72
0022000655,2021-03-22,SAS,CHA,35.35,3,0,39,CHA,CHA,reb,0,False,False,,Hornets Rebound,67-72,67,72
0022000655,2021-03-22,SAS,CHA,35.57,3,0,26,,SAS,jump_ball,1,False,False,Jump Ball (CC) Vassell vs. Biyombo: Tip to Biyombo,,67-72,67,72
0022000655,2021-03-22,SAS,CHA,35.65,3,0,21,CHA,CHA,fg_make,1,False,False,,Hayward 10' Jump Shot (25 PTS),67-74,67,74
0022000655,2021-03-22,SAS,CHA,35.82,3,0,11,SAS,SAS,fg_make,78,False,False,DeRozan 5' Floating Jump Shot (18 PTS),,69-74,69,74
0022000655,2021-03-22,SAS,CHA,36.0,3,0,0,CHA,CHA,fg_miss,63,False,False,,MISS Hayward 11' Fadeaway Jumper,69-74,69,74
0022000655,2021-03-22,SAS,CHA,36.0,3,0,0,CHA,CHA,reb,0,False,False,,Hornets Rebound,69-74,69,74
0022000655,2021-03-22,SAS,CHA,36.0,3,0,0,CHA,,period_end,0,False,False,,,69-74,69,74
0022000655,2021-03-22,SAS,CHA,36.0,4,12,0,CHA,,period_start,0,False,False,,,69-74,69,74
0022000655,2021-03-22,SAS,CHA,36.27,4,11,44,SAS,SAS,fg_make,5,False,False,Johnson 5' Layup (9 PTS) (Mills 2 AST),,71-74,71,74
0022000655,2021-03-22,SAS,CHA,36.5,4,11,30,CHA,CHA,tov,1,False,True,,Graham Bad Pass Turnover (P2.T12),71-74,71,74
0022000655,2021-03-22,SAS,CHA,36.5,4,11,30,CHA,SAS,steal,1,False,True,steal,steal,71-74,71,74
0022000655,2021-03-22,SAS,CHA,36.6,4,11,24,SAS,SAS,fg_miss,76,False,False,MISS Gay 3' Running Finger Roll Layup,,71-74,71,74
0022000655,2021-03-22,SAS,CHA,36.65,4,11,21,CHA,CHA,reb,0,False,False,,Martin REBOUND (Off:1 Def:2),71-74,71,74
0022000655,2021-03-22,SAS,CHA,36.68,4,11,19,CHA,CHA,tov,45,False,False,,Washington Out of Bounds - Bad Pass Turnover Turnover (P5.T13),71-74,71,74
0022000655,2021-03-22,SAS,CHA,37.0,4,11,0,SAS,SAS,fg3_make,79,False,False,White 26' 3PT Pullup Jump Shot (14 PTS) (Murray 3 AST),,74-74,74,74
0022000655,2021-03-22,SAS,CHA,37.23,4,10,46,CHA,CHA,fg_miss,78,False,False,,MISS Monk 10' Floating Jump Shot,74-74,74,74
0022000655,2021-03-22,SAS,CHA,37.28,4,10,43,SAS,SAS,reb,0,False,False,Gay REBOUND (Off:1 Def:2),,74-74,74,74
0022000655,2021-03-22,SAS,CHA,37.38,4,10,37,SAS,SAS,fg_make,73,False,False,White 3' Driving Reverse Layup (16 PTS) (Murray 4 AST),,76-74,76,74
0022000655,2021-03-22,SAS,CHA,37.38,4,10,37,CHA,CHA,timeout,1,False,False,,Hornets Timeout: Regular (Reg.4 Short 0),76-74,76,74
0022000655,2021-03-22,SAS,CHA,37.63,4,10,22,CHA,CHA,fg_make,9,False,False,,Bridges 3' Driving Dunk (2 PTS) (Graham 4 AST),76-76,76,76
0022000655,2021-03-22,SAS,CHA,37.87,4,10,8,SAS,SAS,tov,40,False,False,Gay Out of Bounds Lost Ball Turnover (P2.T10),,76-76,76,76
0022000655,2021-03-22,SAS,CHA,38.3,4,9,42,CHA,CHA,tov,11,False,False,,Hornets Turnover: Shot Clock (T#14),76-76,76,76
0022000655,2021-03-22,SAS,CHA,38.62,4,9,23,SAS,SAS,fg3_miss,1,False,False,MISS Mills 26' 3PT Jump Shot,,76-76,76,76
0022000655,2021-03-22,SAS,CHA,38.65,4,9,21,CHA,CHA,reb,0,False,False,,Bridges REBOUND (Off:0 Def:4),76-76,76,76
0022000655,2021-03-22,SAS,CHA,38.65,4,9,21,CHA,SAS,foul,1,False,False,Johnson P.FOUL (P2.T1) (M.Kogut),,76-76,76,76
0022000655,2021-03-22,SAS,CHA,38.85,4,9,9,CHA,CHA,fg_make,101,False,False,,Monk 8' Driving Floating Jump Shot (9 PTS) (Rozier 6 AST),76-78,76,78
0022000655,2021-03-22,SAS,CHA,39.17,4,8,50,SAS,SAS,fg_make,57,False,False,Gay 5' Driving Hook Shot (10 PTS),,78-78,78,78
0022000655,2021-03-22,SAS,CHA,39.38,4,8,37,CHA,SAS,foul,1,False,False,Gay P.FOUL (P2.T2) (C.Blair),,78-78,78,78
0022000655,2021-03-22,SAS,CHA,39.38,4,8,37,SAS,CHA,foul,11,False,False,,Washington T.FOUL (P1.T0) (C.Blair),78-78,78,78
0022000655,2021-03-22,SAS,CHA,39.38,4,8,37,SAS,SAS,ft_make,16,False,False,Mills Free Throw Technical (10 PTS),,79-78,79,78
0022000655,2021-03-22,SAS,CHA,39.62,4,8,23,CHA,CHA,fg3_miss,79,False,False,,MISS Monk 28' 3PT Pullup Jump Shot,79-78,79,78
0022000655,2021-03-22,SAS,CHA,39.67,4,8,20,SAS,SAS,reb,0,False,False,White REBOUND (Off:0 Def:2),,79-78,79,78
0022000655,2021-03-22,SAS,CHA,39.98,4,8,1,SAS,SAS,tov,2,False,True,Gay Lost Ball Turnover (P3.T11),,79-78,79,78
0022000655,2021-03-22,SAS,CHA,39.98,4,8,1,SAS,CHA,steal,2,False,True,steal,steal,79-78,79,78
0022000655,2021-03-22,SAS,CHA,40.1,4,7,54,CHA,CHA,fg_make,78,False,False,,Rozier 7' Floating Jump Shot (12 PTS),79-80,79,80
0022000655,2021-03-22,SAS,CHA,40.57,4,7,26,SAS,SAS,fg3_miss,1,False,False,MISS Gay 3PT Jump Shot,,79-80,79,80
0022000655,2021-03-22,SAS,CHA,40.62,4,7,23,CHA,CHA,reb,0,False,False,,Washington REBOUND (Off:2 Def:9),79-80,79,80
0022000655,2021-03-22,SAS,CHA,40.88,4,7,7,CHA,CHA,fg_miss,79,False,False,,MISS Monk 9' Pullup Jump Shot,79-80,79,80
0022000655,2021-03-22,SAS,CHA,40.93,4,7,4,SAS,SAS,reb,0,False,False,Gay REBOUND (Off:1 Def:3),,79-80,79,80
0022000655,2021-03-22,SAS,CHA,41.13,4,6,52,CHA,SAS,foul,4,False,False,Murray OFF.Foul (P1) (C.Blair),,79-80,79,80
0022000655,2021-03-22,SAS,CHA,41.13,4,6,52,SAS,SAS,tov,37,False,False,Murray Offensive Foul Turnover (P3.T12),,79-80,79,80
0022000655,2021-03-22,SAS,CHA,41.4,4,6,36,CHA,CHA,fg_make,75,False,False,,Monk 4' Driving Finger Roll Layup (11 PTS) (Martin 1 AST),79-82,79,82
0022000655,2021-03-22,SAS,CHA,41.82,4,6,11,SAS,SAS,fg3_make,1,False,False,Murray 25' 3PT Jump Shot (9 PTS) (DeRozan 5 AST),,82-82,82,82
0022000655,2021-03-22,SAS,CHA,42.22,4,5,47,CHA,CHA,fg_make,80,False,False,,Rozier 12' Step Back Jump Shot (14 PTS),82-84,82,84
0022000655,2021-03-22,SAS,CHA,42.6,4,5,24,CHA,SAS,foul,26,False,False,Gay Offensive Charge Foul (P3.T3) (C.Blair),,82-84,82,84
0022000655,2021-03-22,SAS,CHA,42.6,4,5,24,SAS,SAS,tov,37,False,False,Gay Offensive Foul Turnover (P4.T13),,82-84,82,84
0022000655,2021-03-22,SAS,CHA,42.97,4,5,2,CHA,SAS,foul,2,False,False,DeRozan S.FOUL (P4.T4) (M.Kogut),,82-84,82,84
0022000655,2021-03-22,SAS,CHA,42.97,4,5,2,CHA,CHA,ft_make,11,False,False,,Rozier Free Throw 1 of 2 (15 PTS),82-85,82,85
0022000655,2021-03-22,SAS,CHA,42.97,4,5,2,CHA,CHA,ft_make,12,False,False,,Rozier Free Throw 2 of 2 (16 PTS),82-86,82,86
0022000655,2021-03-22,SAS,CHA,43.18,4,4,49,SAS,SAS,fg_make,79,False,False,DeRozan 16' Pullup Jump Shot (20 PTS),,84-86,84,86
0022000655,2021-03-22,SAS,CHA,43.5,4,4,30,CHA,CHA,fg_miss,79,False,False,,MISS Hayward 15' Pullup Jump Shot,84-86,84,86
0022000655,2021-03-22,SAS,CHA,43.53,4,4,28,SAS,SAS,reb,0,False,False,Poeltl REBOUND (Off:4 Def:7),,84-86,84,86
0022000655,2021-03-22,SAS,CHA,43.7,4,4,18,SAS,SAS,fg_make,47,False,False,DeRozan 6' Turnaround Jump Shot (22 PTS),,86-86,86,86
0022000655,2021-03-22,SAS,CHA,44.02,4,3,59,CHA,CHA,fg_miss,101,False,False,,MISS Rozier 14' Driving Floating Jump Shot,86-86,86,86
0022000655,2021-03-22,SAS,CHA,44.07,4,3,56,SAS,SAS,reb,0,False,False,White REBOUND (Off:0 Def:3),,86-86,86,86
0022000655,2021-03-22,SAS,CHA,44.22,4,3,47,SAS,SAS,tov,2,False,True,Poeltl Lost Ball Turnover (P2.T14),,86-86,86,86
0022000655,2021-03-22,SAS,CHA,44.22,4,3,47,SAS,CHA,steal,2,False,True,steal,steal,86-86,86,86
0022000655,2021-03-22,SAS,CHA,44.28,4,3,43,CHA,CHA,fg_make,41,False,False,,Martin 2' Running Layup (5 PTS) (Hayward 5 AST),86-88,86,88
0022000655,2021-03-22,SAS,CHA,44.28,4,3,43,CHA,SAS,foul,2,False,False,White S.FOUL (P3.PN) (J.Butler),,86-88,86,88
0022000655,2021-03-22,SAS,CHA,44.28,4,3,43,CHA,CHA,ft_make,10,False,False,,Martin Free Throw 1 of 1 (6 PTS),86-89,86,89
0022000655,2021-03-22,SAS,CHA,44.45,4,3,33,SAS,CHA,foul,2,False,False,,Martin S.FOUL (P1.T1) (J.Butler),86-89,86,89
0022000655,2021-03-22,SAS,CHA,44.45,4,3,33,SAS,SAS,ft_make,11,False,False,DeRozan Free Throw 1 of 2 (23 PTS),,87-89,87,89
0022000655,2021-03-22,SAS,CHA,44.45,4,3,33,CHA,CHA,timeout,1,False,False,,Hornets Timeout: Regular (Reg.5 Short 0),87-89,87,89
0022000655,2021-03-22,SAS,CHA,44.45,4,3,33,SAS,SAS,ft_miss,12,False,False,MISS DeRozan Free Throw 2 of 2,,87-89,87,89
0022000655,2021-03-22,SAS,CHA,44.5,4,3,30,CHA,CHA,reb,0,False,False,,Biyombo REBOUND (Off:2 Def:4),87-89,87,89
0022000655,2021-03-22,SAS,CHA,44.72,4,3,17,CHA,CHA,fg3_make,1,False,False,,Rozier 27' 3PT Jump Shot (19 PTS) (Hayward 6 AST),87-92,87,92
0022000655,2021-03-22,SAS,CHA,45.03,4,2,58,SAS,SAS,fg_miss,98,False,False,MISS Gay 4' Cutting Layup Shot,,87-92,87,92
0022000655,2021-03-22,SAS,CHA,45.08,4,2,55,CHA,CHA,reb,0,False,False,,Washington REBOUND (Off:2 Def:10),87-92,87,92
0022000655,2021-03-22,SAS,CHA,45.4,4,2,36,CHA,CHA,fg3_miss,1,False,False,,MISS Rozier 27' 3PT Jump Shot,87-92,87,92
0022000655,2021-03-22,SAS,CHA,45.4,4,2,36,CHA,CHA,reb,0,False,False,,Hornets Rebound,87-92,87,92
0022000655,2021-03-22,SAS,CHA,45.4,4,2,36,CHA,SAS,foul,3,False,False,DeRozan L.B.FOUL (P5.PN) (J.Butler),,87-92,87,92
0022000655,2021-03-22,SAS,CHA,45.4,4,2,36,CHA,CHA,ft_make,11,False,False,,Biyombo Free Throw 1 of 2 (11 PTS),87-93,87,93
0022000655,2021-03-22,SAS,CHA,45.4,4,2,36,CHA,CHA,ft_miss,12,False,False,,MISS Biyombo Free Throw 2 of 2,87-93,87,93
0022000655,2021-03-22,SAS,CHA,45.45,4,2,33,SAS,SAS,reb,0,False,False,DeRozan REBOUND (Off:0 Def:2),,87-93,87,93
0022000655,2021-03-22,SAS,CHA,45.67,4,2,20,SAS,SAS,fg3_make,1,False,False,White 3PT Jump Shot (19 PTS) (Gay 3 AST),,90-93,90,93
0022000655,2021-03-22,SAS,CHA,46.07,4,1,56,CHA,CHA,fg3_miss,1,False,False,,MISS Graham 28' 3PT Jump Shot,90-93,90,93
0022000655,2021-03-22,SAS,CHA,46.15,4,1,51,SAS,SAS,reb,0,False,False,Mills REBOUND (Off:0 Def:3),,90-93,90,93
0022000655,2021-03-22,SAS,CHA,46.25,4,1,45,SAS,SAS,fg_make,101,False,False,DeRozan 5' Driving Floating Jump Shot (25 PTS),,92-93,92,93
0022000655,2021-03-22,SAS,CHA,46.25,4,1,45,SAS,CHA,foul,2,False,False,,Washington S.FOUL (P2.T2) (J.Butler),92-93,92,93
0022000655,2021-03-22,SAS,CHA,46.25,4,1,45,SAS,SAS,ft_make,10,False,False,DeRozan Free Throw 1 of 1 (26 PTS),,93-93,93,93
0022000655,2021-03-22,SAS,CHA,46.57,4,1,26,CHA,CHA,fg3_make,80,False,False,,Rozier 26' 3PT Step Back Jump Shot (22 PTS),93-96,93,96
0022000655,2021-03-22,SAS,CHA,46.83,4,1,10,SAS,SAS,fg_miss,5,False,False,MISS DeRozan 6' Layup,,93-96,93,96
0022000655,2021-03-22,SAS,CHA,46.88,4,1,7,CHA,CHA,reb,0,False,False,,Washington REBOUND (Off:2 Def:11),93-96,93,96
0022000655,2021-03-22,SAS,CHA,47.12,4,0,53,CHA,CHA,fg_miss,75,False,False,,MISS Rozier 8' Driving Finger Roll Layup,93-96,93,96
0022000655,2021-03-22,SAS,CHA,47.15,4,0,51,SAS,SAS,reb,0,False,False,Gay REBOUND (Off:1 Def:4),,93-96,93,96
0022000655,2021-03-22,SAS,CHA,47.27,4,0,44,SAS,SAS,fg3_miss,1,False,False,MISS Gay 26' 3PT Jump Shot,,93-96,93,96
0022000655,2021-03-22,SAS,CHA,47.32,4,0,41,CHA,CHA,reb,0,False,False,,Graham REBOUND (Off:1 Def:2),93-96,93,96
0022000655,2021-03-22,SAS,CHA,47.63,4,0,22,CHA,CHA,tov,2,False,False,,Hayward Lost Ball Turnover (P3.T15),93-96,93,96
0022000655,2021-03-22,SAS,CHA,47.63,4,0,22,SAS,CHA,foul,3,False,False,,Hayward L.B.FOUL (P3.PN) (M.Kogut),93-96,93,96
0022000655,2021-03-22,SAS,CHA,47.63,4,0,22,SAS,SAS,ft_make,11,False,False,White Free Throw 1 of 2 (20 PTS),,94-96,94,96
0022000655,2021-03-22,SAS,CHA,47.63,4,0,22,SAS,SAS,ft_make,12,False,False,White Free Throw 2 of 2 (21 PTS),,95-96,95,96
0022000655,2021-03-22,SAS,CHA,47.63,4,0,22,CHA,CHA,timeout,1,False,False,,Hornets Timeout: Regular (Reg.6 Short 0),95-96,95,96
0022000655,2021-03-22,SAS,CHA,47.7,4,0,18,CHA,SAS,foul,28,False,False,Murray Personal Take Foul (P2.PN) (J.Butler),,95-96,95,96
0022000655,2021-03-22,SAS,CHA,47.7,4,0,18,CHA,CHA,ft_make,11,False,False,,Rozier Free Throw 1 of 2 (23 PTS),95-97,95,97
0022000655,2021-03-22,SAS,CHA,47.7,4,0,18,CHA,CHA,ft_make,12,False,False,,Rozier Free Throw 2 of 2 (24 PTS),95-98,95,98
0022000655,2021-03-22,SAS,CHA,47.7,4,0,18,SAS,SAS,timeout,1,False,False,SPURS Timeout: Regular (Full 5 Short 0),,95-98,95,98
0022000655,2021-03-22,SAS,CHA,47.85,4,0,9,SAS,SAS,fg_make,9,False,False,DeRozan 3' Driving Dunk (28 PTS),,97-98,97,98
0022000655,2021-03-22,SAS,CHA,47.85,4,0,9,CHA,CHA,timeout,1,False,False,,Hornets Timeout: Regular (Reg.7 Short 0),97-98,97,98
0022000655,2021-03-22,SAS,CHA,47.87,4,0,8,CHA,SAS,foul,1,False,False,Johnson P.FOUL (P3.PN) (J.Butler),,97-98,97,98
0022000655,2021-03-22,SAS,CHA,47.87,4,0,8,CHA,CHA,ft_make,11,False,False,,Hayward Free Throw 1 of 2 (26 PTS),97-99,97,99
0022000655,2021-03-22,SAS,CHA,47.87,4,0,8,CHA,CHA,ft_make,12,False,False,,Hayward Free Throw 2 of 2 (27 PTS),97-100,97,100
0022000655,2021-03-22,SAS,CHA,47.87,4,0,8,SAS,SAS,timeout,1,False,False,SPURS Timeout: Regular (Full 6 Short 0),,97-100,97,100
0022000655,2021-03-22,SAS,CHA,47.9,4,0,6,SAS,SAS,fg3_miss,1,False,False,MISS Mills 27' 3PT Jump Shot,,97-100,97,100
0022000655,2021-03-22,SAS,CHA,47.97,4,0,2,CHA,CHA,reb,0,False,False,,Rozier REBOUND (Off:0 Def:3),97-100,97,100
0022000655,2021-03-22,SAS,CHA,48.0,4,0,0,CHA,,period_end,0,False,False,,,97-100,97,100
